experiment	donor	file	n_summits	n_inside	inside_positions
ENCSR065CER	ENCDO272LDF	ENCFF925GAP	4	1	66257267
ENCSR131HOY	ENCDO689YDN	ENCFF007WHD	4	0	-
ENCSR410DWV	ENCDO022IAQ	ENCFF849WAS	4	0	-
ENCSR459PVP	ENCDO371BAE	ENCFF798WMM	4	0	-
ENCSR516YAD	ENCDO565NIZ	ENCFF388XBG	4	1	66257261
ENCSR634WYX	ENCDO908CUN	ENCFF243WIM	4	1	66257301
ENCSR704VZY	ENCDO022IAQ	ENCFF526ZCC	4	1	66257254
ENCSR709QRD	ENCDO689YDN	ENCFF061TIM	4	1	66257263
ENCSR812ZKP	ENCDO272LDF	ENCFF325MSG	4	0	-
ENCSR913OWV	ENCDO371BAE	ENCFF808UAJ	5	1	66257267
