experiment	file	output_type	url
ENCSR065CER	ENCFF732ZAH	pseudoreplicated peaks	https://www.encodeproject.org/files/ENCFF732ZAH/@@download/ENCFF732ZAH.bed.gz
ENCSR065CER	ENCFF039TZO	IDR ranked peaks	https://www.encodeproject.org/files/ENCFF039TZO/@@download/ENCFF039TZO.bed.gz
ENCSR065CER	ENCFF925GAP	conservative IDR thresholded peaks	https://www.encodeproject.org/files/ENCFF925GAP/@@download/ENCFF925GAP.bed.gz
ENCSR065CER	ENCFF090OOO	IDR ranked peaks	https://www.encodeproject.org/files/ENCFF090OOO/@@download/ENCFF090OOO.bed.gz
ENCSR065CER	ENCFF500PEM	IDR thresholded peaks	https://www.encodeproject.org/files/ENCFF500PEM/@@download/ENCFF500PEM.bed.gz
ENCSR065CER	ENCFF152JJQ	IDR ranked peaks	https://www.encodeproject.org/files/ENCFF152JJQ/@@download/ENCFF152JJQ.bed.gz
ENCSR065CER	ENCFF834UHD	pseudoreplicated peaks	https://www.encodeproject.org/files/ENCFF834UHD/@@download/ENCFF834UHD.bed.gz
ENCSR065CER	ENCFF974XTQ	replicated peaks	https://www.encodeproject.org/files/ENCFF974XTQ/@@download/ENCFF974XTQ.bed.gz
ENCSR065CER	ENCFF630PMW	pseudoreplicated peaks	https://www.encodeproject.org/files/ENCFF630PMW/@@download/ENCFF630PMW.bed.gz
ENCSR065CER	ENCFF020RRO	IDR thresholded peaks	https://www.encodeproject.org/files/ENCFF020RRO/@@download/ENCFF020RRO.bed.gz
ENCSR065CER	ENCFF859HGY	IDR ranked peaks	https://www.encodeproject.org/files/ENCFF859HGY/@@download/ENCFF859HGY.bed.gz
ENCSR065CER	ENCFF098WTO	IDR thresholded peaks	https://www.encodeproject.org/files/ENCFF098WTO/@@download/ENCFF098WTO.bed.gz
ENCSR131HOY	ENCFF017BVG	pseudoreplicated peaks	https://www.encodeproject.org/files/ENCFF017BVG/@@download/ENCFF017BVG.bed.gz
ENCSR131HOY	ENCFF553VTJ	IDR ranked peaks	https://www.encodeproject.org/files/ENCFF553VTJ/@@download/ENCFF553VTJ.bed.gz
ENCSR131HOY	ENCFF651BQK	pseudoreplicated peaks	https://www.encodeproject.org/files/ENCFF651BQK/@@download/ENCFF651BQK.bed.gz
ENCSR131HOY	ENCFF497ACM	pseudoreplicated peaks	https://www.encodeproject.org/files/ENCFF497ACM/@@download/ENCFF497ACM.bed.gz
ENCSR131HOY	ENCFF876NFZ	IDR thresholded peaks	https://www.encodeproject.org/files/ENCFF876NFZ/@@download/ENCFF876NFZ.bed.gz
ENCSR131HOY	ENCFF571HHD	IDR thresholded peaks	https://www.encodeproject.org/files/ENCFF571HHD/@@download/ENCFF571HHD.bed.gz
ENCSR131HOY	ENCFF400AZJ	replicated peaks	https://www.encodeproject.org/files/ENCFF400AZJ/@@download/ENCFF400AZJ.bed.gz
ENCSR131HOY	ENCFF171ZEN	IDR ranked peaks	https://www.encodeproject.org/files/ENCFF171ZEN/@@download/ENCFF171ZEN.bed.gz
ENCSR131HOY	ENCFF007WHD	conservative IDR thresholded peaks	https://www.encodeproject.org/files/ENCFF007WHD/@@download/ENCFF007WHD.bed.gz
ENCSR131HOY	ENCFF770MIQ	IDR thresholded peaks	https://www.encodeproject.org/files/ENCFF770MIQ/@@download/ENCFF770MIQ.bed.gz
ENCSR131HOY	ENCFF952ZCX	IDR ranked peaks	https://www.encodeproject.org/files/ENCFF952ZCX/@@download/ENCFF952ZCX.bed.gz
ENCSR131HOY	ENCFF007DAJ	IDR ranked peaks	https://www.encodeproject.org/files/ENCFF007DAJ/@@download/ENCFF007DAJ.bed.gz
ENCSR410DWV	ENCFF241ZER	IDR ranked peaks	https://www.encodeproject.org/files/ENCFF241ZER/@@download/ENCFF241ZER.bed.gz
ENCSR410DWV	ENCFF528NRN	IDR ranked peaks	https://www.encodeproject.org/files/ENCFF528NRN/@@download/ENCFF528NRN.bed.gz
ENCSR410DWV	ENCFF896SPE	pseudoreplicated peaks	https://www.encodeproject.org/files/ENCFF896SPE/@@download/ENCFF896SPE.bed.gz
ENCSR410DWV	ENCFF849GEO	IDR ranked peaks	https://www.encodeproject.org/files/ENCFF849GEO/@@download/ENCFF849GEO.bed.gz
ENCSR410DWV	ENCFF794FOV	IDR thresholded peaks	https://www.encodeproject.org/files/ENCFF794FOV/@@download/ENCFF794FOV.bed.gz
ENCSR410DWV	ENCFF347BUJ	pseudoreplicated peaks	https://www.encodeproject.org/files/ENCFF347BUJ/@@download/ENCFF347BUJ.bed.gz
ENCSR410DWV	ENCFF133NSM	IDR thresholded peaks	https://www.encodeproject.org/files/ENCFF133NSM/@@download/ENCFF133NSM.bed.gz
ENCSR410DWV	ENCFF610SOB	replicated peaks	https://www.encodeproject.org/files/ENCFF610SOB/@@download/ENCFF610SOB.bed.gz
ENCSR410DWV	ENCFF312FFZ	IDR ranked peaks	https://www.encodeproject.org/files/ENCFF312FFZ/@@download/ENCFF312FFZ.bed.gz
ENCSR410DWV	ENCFF093YBW	pseudoreplicated peaks	https://www.encodeproject.org/files/ENCFF093YBW/@@download/ENCFF093YBW.bed.gz
ENCSR410DWV	ENCFF273ZSS	IDR thresholded peaks	https://www.encodeproject.org/files/ENCFF273ZSS/@@download/ENCFF273ZSS.bed.gz
ENCSR410DWV	ENCFF849WAS	conservative IDR thresholded peaks	https://www.encodeproject.org/files/ENCFF849WAS/@@download/ENCFF849WAS.bed.gz
ENCSR459PVP	ENCFF495VYA	pseudoreplicated peaks	https://www.encodeproject.org/files/ENCFF495VYA/@@download/ENCFF495VYA.bed.gz
ENCSR459PVP	ENCFF901TRI	IDR thresholded peaks	https://www.encodeproject.org/files/ENCFF901TRI/@@download/ENCFF901TRI.bed.gz
ENCSR459PVP	ENCFF219DHL	pseudoreplicated peaks	https://www.encodeproject.org/files/ENCFF219DHL/@@download/ENCFF219DHL.bed.gz
ENCSR459PVP	ENCFF130ZFF	IDR thresholded peaks	https://www.encodeproject.org/files/ENCFF130ZFF/@@download/ENCFF130ZFF.bed.gz
ENCSR459PVP	ENCFF320VOC	IDR ranked peaks	https://www.encodeproject.org/files/ENCFF320VOC/@@download/ENCFF320VOC.bed.gz
ENCSR459PVP	ENCFF371YST	IDR ranked peaks	https://www.encodeproject.org/files/ENCFF371YST/@@download/ENCFF371YST.bed.gz
ENCSR459PVP	ENCFF604VEC	replicated peaks	https://www.encodeproject.org/files/ENCFF604VEC/@@download/ENCFF604VEC.bed.gz
ENCSR459PVP	ENCFF798WMM	conservative IDR thresholded peaks	https://www.encodeproject.org/files/ENCFF798WMM/@@download/ENCFF798WMM.bed.gz
ENCSR459PVP	ENCFF897LOL	IDR thresholded peaks	https://www.encodeproject.org/files/ENCFF897LOL/@@download/ENCFF897LOL.bed.gz
ENCSR459PVP	ENCFF951DOQ	pseudoreplicated peaks	https://www.encodeproject.org/files/ENCFF951DOQ/@@download/ENCFF951DOQ.bed.gz
ENCSR459PVP	ENCFF780NKU	IDR ranked peaks	https://www.encodeproject.org/files/ENCFF780NKU/@@download/ENCFF780NKU.bed.gz
ENCSR459PVP	ENCFF676VPZ	IDR ranked peaks	https://www.encodeproject.org/files/ENCFF676VPZ/@@download/ENCFF676VPZ.bed.gz
ENCSR516YAD	ENCFF388XBG	conservative IDR thresholded peaks	https://www.encodeproject.org/files/ENCFF388XBG/@@download/ENCFF388XBG.bed.gz
ENCSR516YAD	ENCFF806DTG	pseudoreplicated peaks	https://www.encodeproject.org/files/ENCFF806DTG/@@download/ENCFF806DTG.bed.gz
ENCSR516YAD	ENCFF939UFB	IDR ranked peaks	https://www.encodeproject.org/files/ENCFF939UFB/@@download/ENCFF939UFB.bed.gz
ENCSR516YAD	ENCFF728QWH	IDR thresholded peaks	https://www.encodeproject.org/files/ENCFF728QWH/@@download/ENCFF728QWH.bed.gz
ENCSR516YAD	ENCFF487TPJ	pseudoreplicated peaks	https://www.encodeproject.org/files/ENCFF487TPJ/@@download/ENCFF487TPJ.bed.gz
ENCSR516YAD	ENCFF193PGD	IDR thresholded peaks	https://www.encodeproject.org/files/ENCFF193PGD/@@download/ENCFF193PGD.bed.gz
ENCSR516YAD	ENCFF032UMX	IDR thresholded peaks	https://www.encodeproject.org/files/ENCFF032UMX/@@download/ENCFF032UMX.bed.gz
ENCSR516YAD	ENCFF350WTM	IDR ranked peaks	https://www.encodeproject.org/files/ENCFF350WTM/@@download/ENCFF350WTM.bed.gz
ENCSR516YAD	ENCFF177WUV	IDR ranked peaks	https://www.encodeproject.org/files/ENCFF177WUV/@@download/ENCFF177WUV.bed.gz
ENCSR516YAD	ENCFF415HUA	replicated peaks	https://www.encodeproject.org/files/ENCFF415HUA/@@download/ENCFF415HUA.bed.gz
ENCSR516YAD	ENCFF143QYR	pseudoreplicated peaks	https://www.encodeproject.org/files/ENCFF143QYR/@@download/ENCFF143QYR.bed.gz
ENCSR516YAD	ENCFF268ZQS	IDR ranked peaks	https://www.encodeproject.org/files/ENCFF268ZQS/@@download/ENCFF268ZQS.bed.gz
ENCSR634WYX	ENCFF275SWZ	IDR thresholded peaks	https://www.encodeproject.org/files/ENCFF275SWZ/@@download/ENCFF275SWZ.bed.gz
ENCSR634WYX	ENCFF787IVV	IDR ranked peaks	https://www.encodeproject.org/files/ENCFF787IVV/@@download/ENCFF787IVV.bed.gz
ENCSR634WYX	ENCFF675JYR	pseudoreplicated peaks	https://www.encodeproject.org/files/ENCFF675JYR/@@download/ENCFF675JYR.bed.gz
ENCSR634WYX	ENCFF243WIM	conservative IDR thresholded peaks	https://www.encodeproject.org/files/ENCFF243WIM/@@download/ENCFF243WIM.bed.gz
ENCSR634WYX	ENCFF157BDU	IDR ranked peaks	https://www.encodeproject.org/files/ENCFF157BDU/@@download/ENCFF157BDU.bed.gz
ENCSR634WYX	ENCFF104QTD	IDR thresholded peaks	https://www.encodeproject.org/files/ENCFF104QTD/@@download/ENCFF104QTD.bed.gz
ENCSR634WYX	ENCFF766KSP	pseudoreplicated peaks	https://www.encodeproject.org/files/ENCFF766KSP/@@download/ENCFF766KSP.bed.gz
ENCSR634WYX	ENCFF533QGC	IDR ranked peaks	https://www.encodeproject.org/files/ENCFF533QGC/@@download/ENCFF533QGC.bed.gz
ENCSR634WYX	ENCFF305GXR	replicated peaks	https://www.encodeproject.org/files/ENCFF305GXR/@@download/ENCFF305GXR.bed.gz
ENCSR634WYX	ENCFF963AUY	pseudoreplicated peaks	https://www.encodeproject.org/files/ENCFF963AUY/@@download/ENCFF963AUY.bed.gz
ENCSR634WYX	ENCFF593NWI	IDR ranked peaks	https://www.encodeproject.org/files/ENCFF593NWI/@@download/ENCFF593NWI.bed.gz
ENCSR634WYX	ENCFF869TLY	IDR thresholded peaks	https://www.encodeproject.org/files/ENCFF869TLY/@@download/ENCFF869TLY.bed.gz
ENCSR704VZY	ENCFF773SBW	IDR thresholded peaks	https://www.encodeproject.org/files/ENCFF773SBW/@@download/ENCFF773SBW.bed.gz
ENCSR704VZY	ENCFF376USQ	IDR thresholded peaks	https://www.encodeproject.org/files/ENCFF376USQ/@@download/ENCFF376USQ.bed.gz
ENCSR704VZY	ENCFF371PXK	IDR thresholded peaks	https://www.encodeproject.org/files/ENCFF371PXK/@@download/ENCFF371PXK.bed.gz
ENCSR704VZY	ENCFF632FHO	IDR ranked peaks	https://www.encodeproject.org/files/ENCFF632FHO/@@download/ENCFF632FHO.bed.gz
ENCSR704VZY	ENCFF757GKG	IDR ranked peaks	https://www.encodeproject.org/files/ENCFF757GKG/@@download/ENCFF757GKG.bed.gz
ENCSR704VZY	ENCFF526ZCC	conservative IDR thresholded peaks	https://www.encodeproject.org/files/ENCFF526ZCC/@@download/ENCFF526ZCC.bed.gz
ENCSR704VZY	ENCFF366LPB	IDR ranked peaks	https://www.encodeproject.org/files/ENCFF366LPB/@@download/ENCFF366LPB.bed.gz
ENCSR704VZY	ENCFF535SEI	pseudoreplicated peaks	https://www.encodeproject.org/files/ENCFF535SEI/@@download/ENCFF535SEI.bed.gz
ENCSR704VZY	ENCFF880BST	pseudoreplicated peaks	https://www.encodeproject.org/files/ENCFF880BST/@@download/ENCFF880BST.bed.gz
ENCSR704VZY	ENCFF788EHA	pseudoreplicated peaks	https://www.encodeproject.org/files/ENCFF788EHA/@@download/ENCFF788EHA.bed.gz
ENCSR704VZY	ENCFF487GKW	replicated peaks	https://www.encodeproject.org/files/ENCFF487GKW/@@download/ENCFF487GKW.bed.gz
ENCSR704VZY	ENCFF801WKD	IDR ranked peaks	https://www.encodeproject.org/files/ENCFF801WKD/@@download/ENCFF801WKD.bed.gz
ENCSR709QRD	ENCFF827VUC	IDR ranked peaks	https://www.encodeproject.org/files/ENCFF827VUC/@@download/ENCFF827VUC.bed.gz
ENCSR709QRD	ENCFF153VLY	pseudoreplicated peaks	https://www.encodeproject.org/files/ENCFF153VLY/@@download/ENCFF153VLY.bed.gz
ENCSR709QRD	ENCFF867VTK	pseudoreplicated peaks	https://www.encodeproject.org/files/ENCFF867VTK/@@download/ENCFF867VTK.bed.gz
ENCSR709QRD	ENCFF010FOR	replicated peaks	https://www.encodeproject.org/files/ENCFF010FOR/@@download/ENCFF010FOR.bed.gz
ENCSR709QRD	ENCFF592LGY	IDR thresholded peaks	https://www.encodeproject.org/files/ENCFF592LGY/@@download/ENCFF592LGY.bed.gz
ENCSR709QRD	ENCFF828BIU	IDR thresholded peaks	https://www.encodeproject.org/files/ENCFF828BIU/@@download/ENCFF828BIU.bed.gz
ENCSR709QRD	ENCFF480XXJ	IDR ranked peaks	https://www.encodeproject.org/files/ENCFF480XXJ/@@download/ENCFF480XXJ.bed.gz
ENCSR709QRD	ENCFF253WVK	pseudoreplicated peaks	https://www.encodeproject.org/files/ENCFF253WVK/@@download/ENCFF253WVK.bed.gz
ENCSR709QRD	ENCFF153JMK	IDR ranked peaks	https://www.encodeproject.org/files/ENCFF153JMK/@@download/ENCFF153JMK.bed.gz
ENCSR709QRD	ENCFF559VAG	IDR ranked peaks	https://www.encodeproject.org/files/ENCFF559VAG/@@download/ENCFF559VAG.bed.gz
ENCSR709QRD	ENCFF061TIM	conservative IDR thresholded peaks	https://www.encodeproject.org/files/ENCFF061TIM/@@download/ENCFF061TIM.bed.gz
ENCSR709QRD	ENCFF002RUK	IDR thresholded peaks	https://www.encodeproject.org/files/ENCFF002RUK/@@download/ENCFF002RUK.bed.gz
ENCSR812ZKP	ENCFF877SUF	IDR ranked peaks	https://www.encodeproject.org/files/ENCFF877SUF/@@download/ENCFF877SUF.bed.gz
ENCSR812ZKP	ENCFF742DCI	IDR ranked peaks	https://www.encodeproject.org/files/ENCFF742DCI/@@download/ENCFF742DCI.bed.gz
ENCSR812ZKP	ENCFF458HMI	IDR ranked peaks	https://www.encodeproject.org/files/ENCFF458HMI/@@download/ENCFF458HMI.bed.gz
ENCSR812ZKP	ENCFF917ENG	pseudoreplicated peaks	https://www.encodeproject.org/files/ENCFF917ENG/@@download/ENCFF917ENG.bed.gz
ENCSR812ZKP	ENCFF594FVI	replicated peaks	https://www.encodeproject.org/files/ENCFF594FVI/@@download/ENCFF594FVI.bed.gz
ENCSR812ZKP	ENCFF432VON	IDR thresholded peaks	https://www.encodeproject.org/files/ENCFF432VON/@@download/ENCFF432VON.bed.gz
ENCSR812ZKP	ENCFF337ECR	IDR thresholded peaks	https://www.encodeproject.org/files/ENCFF337ECR/@@download/ENCFF337ECR.bed.gz
ENCSR812ZKP	ENCFF092VZU	pseudoreplicated peaks	https://www.encodeproject.org/files/ENCFF092VZU/@@download/ENCFF092VZU.bed.gz
ENCSR812ZKP	ENCFF903JJQ	IDR thresholded peaks	https://www.encodeproject.org/files/ENCFF903JJQ/@@download/ENCFF903JJQ.bed.gz
ENCSR812ZKP	ENCFF643YFW	IDR ranked peaks	https://www.encodeproject.org/files/ENCFF643YFW/@@download/ENCFF643YFW.bed.gz
ENCSR812ZKP	ENCFF325MSG	conservative IDR thresholded peaks	https://www.encodeproject.org/files/ENCFF325MSG/@@download/ENCFF325MSG.bed.gz
ENCSR812ZKP	ENCFF553KVP	pseudoreplicated peaks	https://www.encodeproject.org/files/ENCFF553KVP/@@download/ENCFF553KVP.bed.gz
ENCSR913OWV	ENCFF694OHQ	IDR ranked peaks	https://www.encodeproject.org/files/ENCFF694OHQ/@@download/ENCFF694OHQ.bed.gz
ENCSR913OWV	ENCFF626PBT	pseudoreplicated peaks	https://www.encodeproject.org/files/ENCFF626PBT/@@download/ENCFF626PBT.bed.gz
ENCSR913OWV	ENCFF808UAJ	conservative IDR thresholded peaks	https://www.encodeproject.org/files/ENCFF808UAJ/@@download/ENCFF808UAJ.bed.gz
ENCSR913OWV	ENCFF488VAX	IDR thresholded peaks	https://www.encodeproject.org/files/ENCFF488VAX/@@download/ENCFF488VAX.bed.gz
ENCSR913OWV	ENCFF392ECP	IDR ranked peaks	https://www.encodeproject.org/files/ENCFF392ECP/@@download/ENCFF392ECP.bed.gz
ENCSR913OWV	ENCFF671QMH	IDR thresholded peaks	https://www.encodeproject.org/files/ENCFF671QMH/@@download/ENCFF671QMH.bed.gz
ENCSR913OWV	ENCFF542CXX	IDR thresholded peaks	https://www.encodeproject.org/files/ENCFF542CXX/@@download/ENCFF542CXX.bed.gz
ENCSR913OWV	ENCFF252ABQ	IDR ranked peaks	https://www.encodeproject.org/files/ENCFF252ABQ/@@download/ENCFF252ABQ.bed.gz
ENCSR913OWV	ENCFF052TGW	replicated peaks	https://www.encodeproject.org/files/ENCFF052TGW/@@download/ENCFF052TGW.bed.gz
ENCSR913OWV	ENCFF635LKI	IDR ranked peaks	https://www.encodeproject.org/files/ENCFF635LKI/@@download/ENCFF635LKI.bed.gz
ENCSR913OWV	ENCFF119RLU	pseudoreplicated peaks	https://www.encodeproject.org/files/ENCFF119RLU/@@download/ENCFF119RLU.bed.gz
ENCSR913OWV	ENCFF201ZDJ	pseudoreplicated peaks	https://www.encodeproject.org/files/ENCFF201ZDJ/@@download/ENCFF201ZDJ.bed.gz
