experiment	file	donor	url
ENCSR065CER	ENCFF450FBH	ENCDO272LDF	https://encode-public.s3.amazonaws.com/2020/10/13/a9c65403-b07d-4968-86e9-c6a94ad974ea/ENCFF450FBH.bigWig
ENCSR131HOY	ENCFF632QIA	ENCDO689YDN	https://encode-public.s3.amazonaws.com/2020/10/13/49318bd8-da7d-4ba9-8fcf-d4b97ebf6818/ENCFF632QIA.bigWig
ENCSR410DWV	ENCFF345PTN	ENCDO022IAQ	https://encode-public.s3.amazonaws.com/2020/10/13/783a9a9b-fe26-4ac7-a5d8-e0fae4ee914b/ENCFF345PTN.bigWig
ENCSR459PVP	ENCFF839JKY	ENCDO371BAE	https://encode-public.s3.amazonaws.com/2020/10/13/ffc76352-4b97-4794-9f59-43492cbf3686/ENCFF839JKY.bigWig
ENCSR516YAD	ENCFF330ZVA	ENCDO565NIZ	https://encode-public.s3.amazonaws.com/2020/10/13/02e85d95-3944-4ad3-9c43-25801e82a72e/ENCFF330ZVA.bigWig
ENCSR634WYX	ENCFF043JFJ	ENCDO908CUN	https://encode-public.s3.amazonaws.com/2020/10/13/11b8df20-823a-489e-aee4-3f1848e0b3d4/ENCFF043JFJ.bigWig
ENCSR704VZY	ENCFF746MNC	ENCDO022IAQ	https://encode-public.s3.amazonaws.com/2020/10/13/a255f676-cf58-49a3-a950-ba27f01a7eb7/ENCFF746MNC.bigWig
ENCSR709QRD	ENCFF729BQI	ENCDO689YDN	https://encode-public.s3.amazonaws.com/2020/10/13/f3d8d90a-d795-4747-88fb-e28df5be1ae2/ENCFF729BQI.bigWig
ENCSR812ZKP	ENCFF657SKW	ENCDO272LDF	https://encode-public.s3.amazonaws.com/2020/10/13/88f14590-3d31-43b3-8564-a3bb6547bf96/ENCFF657SKW.bigWig
ENCSR913OWV	ENCFF347SHR	ENCDO371BAE	https://encode-public.s3.amazonaws.com/2020/10/13/49070025-3a92-4de6-92f1-f25949a661c9/ENCFF347SHR.bigWig
