experiment	file	output_type	assembly	status	bio_reps	biosamples	donors	lab	description
ENCSR065CER	ENCFF571FDO	signal p-value	GRCh38	released	1,2	ENCBS855DRG,ENCBS980NQQ	ENCDO272LDF	Michael Snyder, Stanford	
ENCSR065CER	ENCFF144MVO	signal p-value	GRCh38	released	2	ENCBS855DRG,ENCBS980NQQ	ENCDO272LDF	Michael Snyder, Stanford	
ENCSR065CER	ENCFF450FBH	fold change over control	GRCh38	released	1,2	ENCBS855DRG,ENCBS980NQQ	ENCDO272LDF	Michael Snyder, Stanford	
ENCSR065CER	ENCFF751CTY	fold change over control	GRCh38	released	2	ENCBS855DRG,ENCBS980NQQ	ENCDO272LDF	Michael Snyder, Stanford	
ENCSR065CER	ENCFF357RVY	signal p-value	GRCh38	released	1	ENCBS855DRG,ENCBS980NQQ	ENCDO272LDF	Michael Snyder, Stanford	
ENCSR065CER	ENCFF638BYJ	fold change over control	GRCh38	released	1	ENCBS855DRG,ENCBS980NQQ	ENCDO272LDF	Michael Snyder, Stanford	
ENCSR131HOY	ENCFF632QIA	fold change over control	GRCh38	released	1,2	ENCBS460SWY,ENCBS927HHK	ENCDO689YDN	Michael Snyder, Stanford	
ENCSR131HOY	ENCFF576NKA	fold change over control	GRCh38	released	1	ENCBS460SWY,ENCBS927HHK	ENCDO689YDN	Michael Snyder, Stanford	
ENCSR131HOY	ENCFF046NFU	signal p-value	GRCh38	released	1,2	ENCBS460SWY,ENCBS927HHK	ENCDO689YDN	Michael Snyder, Stanford	
ENCSR131HOY	ENCFF739XGP	signal p-value	GRCh38	released	1	ENCBS460SWY,ENCBS927HHK	ENCDO689YDN	Michael Snyder, Stanford	
ENCSR131HOY	ENCFF011GVM	fold change over control	GRCh38	released	2	ENCBS460SWY,ENCBS927HHK	ENCDO689YDN	Michael Snyder, Stanford	
ENCSR131HOY	ENCFF200QMT	signal p-value	GRCh38	released	2	ENCBS460SWY,ENCBS927HHK	ENCDO689YDN	Michael Snyder, Stanford	
ENCSR410DWV	ENCFF345PTN	fold change over control	GRCh38	released	1,2	ENCBS435KUD,ENCBS942UWC	ENCDO022IAQ	Michael Snyder, Stanford	
ENCSR410DWV	ENCFF721NVE	signal p-value	GRCh38	released	1	ENCBS435KUD,ENCBS942UWC	ENCDO022IAQ	Michael Snyder, Stanford	
ENCSR410DWV	ENCFF427WCB	signal p-value	GRCh38	released	2	ENCBS435KUD,ENCBS942UWC	ENCDO022IAQ	Michael Snyder, Stanford	
ENCSR410DWV	ENCFF638TCZ	signal p-value	GRCh38	released	1,2	ENCBS435KUD,ENCBS942UWC	ENCDO022IAQ	Michael Snyder, Stanford	
ENCSR410DWV	ENCFF794PRL	fold change over control	GRCh38	released	2	ENCBS435KUD,ENCBS942UWC	ENCDO022IAQ	Michael Snyder, Stanford	
ENCSR410DWV	ENCFF576QGF	fold change over control	GRCh38	released	1	ENCBS435KUD,ENCBS942UWC	ENCDO022IAQ	Michael Snyder, Stanford	
ENCSR459PVP	ENCFF030KAZ	signal p-value	GRCh38	released	1,2	ENCBS584TFX,ENCBS716FYZ	ENCDO371BAE	Michael Snyder, Stanford	
ENCSR459PVP	ENCFF839JKY	fold change over control	GRCh38	released	1,2	ENCBS584TFX,ENCBS716FYZ	ENCDO371BAE	Michael Snyder, Stanford	
ENCSR459PVP	ENCFF418DQM	signal p-value	GRCh38	released	1	ENCBS584TFX,ENCBS716FYZ	ENCDO371BAE	Michael Snyder, Stanford	
ENCSR459PVP	ENCFF354OPV	fold change over control	GRCh38	released	2	ENCBS584TFX,ENCBS716FYZ	ENCDO371BAE	Michael Snyder, Stanford	
ENCSR459PVP	ENCFF637DZY	fold change over control	GRCh38	released	1	ENCBS584TFX,ENCBS716FYZ	ENCDO371BAE	Michael Snyder, Stanford	
ENCSR459PVP	ENCFF854ILG	signal p-value	GRCh38	released	2	ENCBS584TFX,ENCBS716FYZ	ENCDO371BAE	Michael Snyder, Stanford	
ENCSR516YAD	ENCFF966BAX	signal p-value	GRCh38	released	2	ENCBS038RNY,ENCBS238JUI	ENCDO565NIZ	Michael Snyder, Stanford	
ENCSR516YAD	ENCFF330ZVA	fold change over control	GRCh38	released	1,2	ENCBS038RNY,ENCBS238JUI	ENCDO565NIZ	Michael Snyder, Stanford	
ENCSR516YAD	ENCFF065CIN	fold change over control	GRCh38	released	2	ENCBS038RNY,ENCBS238JUI	ENCDO565NIZ	Michael Snyder, Stanford	
ENCSR516YAD	ENCFF932QEB	signal p-value	GRCh38	released	1,2	ENCBS038RNY,ENCBS238JUI	ENCDO565NIZ	Michael Snyder, Stanford	
ENCSR516YAD	ENCFF870HTI	fold change over control	GRCh38	released	1	ENCBS038RNY,ENCBS238JUI	ENCDO565NIZ	Michael Snyder, Stanford	
ENCSR516YAD	ENCFF438MVQ	signal p-value	GRCh38	released	1	ENCBS038RNY,ENCBS238JUI	ENCDO565NIZ	Michael Snyder, Stanford	
ENCSR634WYX	ENCFF624HXP	signal p-value	GRCh38	released	1,2	ENCBS309GBV,ENCBS545YIS	ENCDO908CUN	Michael Snyder, Stanford	
ENCSR634WYX	ENCFF561ODM	fold change over control	GRCh38	released	1	ENCBS309GBV,ENCBS545YIS	ENCDO908CUN	Michael Snyder, Stanford	
ENCSR634WYX	ENCFF418IFJ	signal p-value	GRCh38	released	1	ENCBS309GBV,ENCBS545YIS	ENCDO908CUN	Michael Snyder, Stanford	
ENCSR634WYX	ENCFF043JFJ	fold change over control	GRCh38	released	1,2	ENCBS309GBV,ENCBS545YIS	ENCDO908CUN	Michael Snyder, Stanford	
ENCSR634WYX	ENCFF999QQO	fold change over control	GRCh38	released	2	ENCBS309GBV,ENCBS545YIS	ENCDO908CUN	Michael Snyder, Stanford	
ENCSR634WYX	ENCFF974RWU	signal p-value	GRCh38	released	2	ENCBS309GBV,ENCBS545YIS	ENCDO908CUN	Michael Snyder, Stanford	
ENCSR704VZY	ENCFF784GHR	fold change over control	GRCh38	released	1	ENCBS182GDQ,ENCBS409BIE	ENCDO022IAQ	Michael Snyder, Stanford	
ENCSR704VZY	ENCFF746MNC	fold change over control	GRCh38	released	1,2	ENCBS182GDQ,ENCBS409BIE	ENCDO022IAQ	Michael Snyder, Stanford	
ENCSR704VZY	ENCFF904SBR	signal p-value	GRCh38	released	1	ENCBS182GDQ,ENCBS409BIE	ENCDO022IAQ	Michael Snyder, Stanford	
ENCSR704VZY	ENCFF046EPY	signal p-value	GRCh38	released	1,2	ENCBS182GDQ,ENCBS409BIE	ENCDO022IAQ	Michael Snyder, Stanford	
ENCSR704VZY	ENCFF647NPA	fold change over control	GRCh38	released	2	ENCBS182GDQ,ENCBS409BIE	ENCDO022IAQ	Michael Snyder, Stanford	
ENCSR704VZY	ENCFF475DSX	signal p-value	GRCh38	released	2	ENCBS182GDQ,ENCBS409BIE	ENCDO022IAQ	Michael Snyder, Stanford	
ENCSR709QRD	ENCFF577AHL	signal p-value	GRCh38	released	1,2	ENCBS152AIM,ENCBS733MQS	ENCDO689YDN	Michael Snyder, Stanford	
ENCSR709QRD	ENCFF626OUD	signal p-value	GRCh38	released	2	ENCBS152AIM,ENCBS733MQS	ENCDO689YDN	Michael Snyder, Stanford	
ENCSR709QRD	ENCFF729BQI	fold change over control	GRCh38	released	1,2	ENCBS152AIM,ENCBS733MQS	ENCDO689YDN	Michael Snyder, Stanford	
ENCSR709QRD	ENCFF879JDI	signal p-value	GRCh38	released	1	ENCBS152AIM,ENCBS733MQS	ENCDO689YDN	Michael Snyder, Stanford	
ENCSR709QRD	ENCFF543PUS	fold change over control	GRCh38	released	1	ENCBS152AIM,ENCBS733MQS	ENCDO689YDN	Michael Snyder, Stanford	
ENCSR709QRD	ENCFF167STB	fold change over control	GRCh38	released	2	ENCBS152AIM,ENCBS733MQS	ENCDO689YDN	Michael Snyder, Stanford	
ENCSR812ZKP	ENCFF737GXV	signal p-value	GRCh38	released	1	ENCBS827VAK,ENCBS919RDK	ENCDO272LDF	Michael Snyder, Stanford	
ENCSR812ZKP	ENCFF359LXB	fold change over control	GRCh38	released	1	ENCBS827VAK,ENCBS919RDK	ENCDO272LDF	Michael Snyder, Stanford	
ENCSR812ZKP	ENCFF608XBW	signal p-value	GRCh38	released	2	ENCBS827VAK,ENCBS919RDK	ENCDO272LDF	Michael Snyder, Stanford	
ENCSR812ZKP	ENCFF657SKW	fold change over control	GRCh38	released	1,2	ENCBS827VAK,ENCBS919RDK	ENCDO272LDF	Michael Snyder, Stanford	
ENCSR812ZKP	ENCFF577GPG	signal p-value	GRCh38	released	1,2	ENCBS827VAK,ENCBS919RDK	ENCDO272LDF	Michael Snyder, Stanford	
ENCSR812ZKP	ENCFF620QYO	fold change over control	GRCh38	released	2	ENCBS827VAK,ENCBS919RDK	ENCDO272LDF	Michael Snyder, Stanford	
ENCSR913OWV	ENCFF753WLK	fold change over control	GRCh38	released	2	ENCBS259EPB,ENCBS346LNG	ENCDO371BAE	Michael Snyder, Stanford	
ENCSR913OWV	ENCFF418YUG	signal p-value	GRCh38	released	2	ENCBS259EPB,ENCBS346LNG	ENCDO371BAE	Michael Snyder, Stanford	
ENCSR913OWV	ENCFF082JVW	signal p-value	GRCh38	released	1,2	ENCBS259EPB,ENCBS346LNG	ENCDO371BAE	Michael Snyder, Stanford	
ENCSR913OWV	ENCFF450OPR	fold change over control	GRCh38	released	1	ENCBS259EPB,ENCBS346LNG	ENCDO371BAE	Michael Snyder, Stanford	
ENCSR913OWV	ENCFF347SHR	fold change over control	GRCh38	released	1,2	ENCBS259EPB,ENCBS346LNG	ENCDO371BAE	Michael Snyder, Stanford	
ENCSR913OWV	ENCFF154VYR	signal p-value	GRCh38	released	1	ENCBS259EPB,ENCBS346LNG	ENCDO371BAE	Michael Snyder, Stanford	
