experiment	file	donor	background	left	element	promoter	el_bkg	el_left	el_prom	passes_floor
ENCSR065CER	ENCFF450FBH	ENCDO272LDF	0.262	0.563	2.137	6.718	8.151	3.793	0.318	True
ENCSR131HOY	ENCFF632QIA	ENCDO689YDN	0.669	0.588	1.183	5.216	1.768	2.012	0.227	True
ENCSR410DWV	ENCFF345PTN	ENCDO022IAQ	0.553	0.65	1.482	4.596	2.681	2.281	0.323	True
ENCSR459PVP	ENCFF839JKY	ENCDO371BAE	0.739	0.566	1.293	4.966	1.75	2.284	0.26	True
ENCSR516YAD	ENCFF330ZVA	ENCDO565NIZ	0.583	0.527	1.784	7.208	3.061	3.386	0.248	True
ENCSR634WYX	ENCFF043JFJ	ENCDO908CUN	0.52	0.669	2.099	6.575	4.038	3.138	0.319	True
ENCSR704VZY	ENCFF746MNC	ENCDO022IAQ	0.692	0.598	2.325	6.46	3.359	3.889	0.36	True
ENCSR709QRD	ENCFF729BQI	ENCDO689YDN	1.121	0.529	1.966	6.532	1.754	3.718	0.301	True
ENCSR812ZKP	ENCFF657SKW	ENCDO272LDF	0.621	0.482	1.301	4.995	2.095	2.698	0.26	True
ENCSR913OWV	ENCFF347SHR	ENCDO371BAE	0.428	0.547	1.926	5.834	4.496	3.52	0.33	True
