experiment	file	output_type	url	rank
ENCSR065CER	ENCFF925GAP	conservative IDR thresholded peaks	https://www.encodeproject.org/files/ENCFF925GAP/@@download/ENCFF925GAP.bed.gz	0
ENCSR131HOY	ENCFF007WHD	conservative IDR thresholded peaks	https://www.encodeproject.org/files/ENCFF007WHD/@@download/ENCFF007WHD.bed.gz	0
ENCSR410DWV	ENCFF849WAS	conservative IDR thresholded peaks	https://www.encodeproject.org/files/ENCFF849WAS/@@download/ENCFF849WAS.bed.gz	0
ENCSR459PVP	ENCFF798WMM	conservative IDR thresholded peaks	https://www.encodeproject.org/files/ENCFF798WMM/@@download/ENCFF798WMM.bed.gz	0
ENCSR516YAD	ENCFF388XBG	conservative IDR thresholded peaks	https://www.encodeproject.org/files/ENCFF388XBG/@@download/ENCFF388XBG.bed.gz	0
ENCSR634WYX	ENCFF243WIM	conservative IDR thresholded peaks	https://www.encodeproject.org/files/ENCFF243WIM/@@download/ENCFF243WIM.bed.gz	0
ENCSR704VZY	ENCFF526ZCC	conservative IDR thresholded peaks	https://www.encodeproject.org/files/ENCFF526ZCC/@@download/ENCFF526ZCC.bed.gz	0
ENCSR709QRD	ENCFF061TIM	conservative IDR thresholded peaks	https://www.encodeproject.org/files/ENCFF061TIM/@@download/ENCFF061TIM.bed.gz	0
ENCSR812ZKP	ENCFF325MSG	conservative IDR thresholded peaks	https://www.encodeproject.org/files/ENCFF325MSG/@@download/ENCFF325MSG.bed.gz	0
ENCSR913OWV	ENCFF808UAJ	conservative IDR thresholded peaks	https://www.encodeproject.org/files/ENCFF808UAJ/@@download/ENCFF808UAJ.bed.gz	0
