name	core	ninemer	lost	gained
c1_000_CGCATCGTA	c1	CGCATCGTA	20	0
c1_008_CTGGTCATG	c1	CTGGTCATG	20	0
c1_009_AGTTTGCGC	c1	AGTTTGCGC	20	0
c1_011_CCTTCTAGG	c1	CCTTCTAGG	20	0
c1_018_AGCTAGGGT	c1	AGCTAGGGT	20	0
c1_019_AGACGAGTG	c1	AGACGAGTG	20	0
c1_020_TTGGCCAAG	c1	TTGGCCAAG	20	0
c1_024_GGTCGACTT	c1	GGTCGACTT	20	0
c1_025_TCGTATCGG	c1	TCGTATCGG	20	0
c1_027_CTGTAAGCG	c1	CTGTAAGCG	20	0
c1_034_CACAGCACT	c1	CACAGCACT	20	0
c1_037_CTTAACGCG	c1	CTTAACGCG	20	0
c1_043_CGTCGTTTG	c1	CGTCGTTTG	20	0
c1_044_TAACCCACG	c1	TAACCCACG	20	0
c1_045_AGACGAGCT	c1	AGACGAGCT	20	0
c1_053_TGAAGCCAG	c1	TGAAGCCAG	20	0
c1_054_CAACTGGCA	c1	CAACTGGCA	20	0
c1_055_CACGTTGGT	c1	CACGTTGGT	20	0
c1_056_CACGACGAT	c1	CACGACGAT	20	0
c1_057_GTATGCCAG	c1	GTATGCCAG	20	0
c1_063_AGGGCTTCA	c1	AGGGCTTCA	20	0
c1_069_CGACCCTTT	c1	CGACCCTTT	20	0
c1_071_CGAGGCAAA	c1	CGAGGCAAA	20	0
c1_078_CGGTATGAC	c1	CGGTATGAC	20	0
c1_085_TCGCAAAGG	c1	TCGCAAAGG	20	0
c1_096_CAAGTGAGG	c1	CAAGTGAGG	20	0
c1_112_AGATTCGCG	c1	AGATTCGCG	20	0
c1_117_CAGCTAAGC	c1	CAGCTAAGC	20	0
c1_123_CAGGTCTCA	c1	CAGGTCTCA	20	0
c1_125_CGCTAAGCA	c1	CGCTAAGCA	20	0
c1_127_AGATCGAGG	c1	AGATCGAGG	20	0
c1_129_GTGGGTATC	c1	GTGGGTATC	20	0
c1_130_GTAGACAGC	c1	GTAGACAGC	20	0
c1_131_TGAGGCAAC	c1	TGAGGCAAC	20	0
c1_132_CACAACGCA	c1	CACAACGCA	20	0
c1_133_TGTTGGGTC	c1	TGTTGGGTC	20	0
c1_135_GTGTAAGGC	c1	GTGTAAGGC	20	0
c1_140_CAAGCAGTG	c1	CAAGCAGTG	20	0
c1_143_CTCGTCAGA	c1	CTCGTCAGA	20	0
c1_146_CAAGCCATG	c1	CAAGCCATG	20	0
c1_151_TTACGGCAG	c1	TTACGGCAG	20	0
c1_152_TCTTAGGCC	c1	TCTTAGGCC	20	0
c1_159_GTGGTCGAT	c1	GTGGTCGAT	20	0
c1_160_TCACTGTCG	c1	TCACTGTCG	20	0
c1_163_CGATGCTCA	c1	CGATGCTCA	20	0
c1_164_AGCTTCGTC	c1	AGCTTCGTC	20	0
c1_169_GTGTCGTCT	c1	GTGTCGTCT	20	0
c1_172_CAAGCCTTC	c1	CAAGCCTTC	20	0
c1_195_CACATGCAC	c1	CACATGCAC	20	0
c1_201_CGACTAGTG	c1	CGACTAGTG	20	0
c1_210_CGCTGACTT	c1	CGCTGACTT	20	0
c1_212_AGACGGTTC	c1	AGACGGTTC	20	0
c1_219_TCAAGCCTC	c1	TCAAGCCTC	20	0
c1_227_CGAATTGCC	c1	CGAATTGCC	20	0
c1_229_CAACATGCG	c1	CAACATGCG	20	0
c1_239_TTAACCGCG	c1	TTAACCGCG	20	0
c1_243_CCTGCTTAG	c1	CCTGCTTAG	20	0
c1_246_CTTGTGAGG	c1	CTTGTGAGG	20	0
c1_248_TCGCAGCTA	c1	TCGCAGCTA	20	0
c1_250_AGTACGGTG	c1	AGTACGGTG	20	0
c1_251_CGACTCTCA	c1	CGACTCTCA	20	0
c1_257_AGGCGAAGA	c1	AGGCGAAGA	20	0
c1_258_CCGCTATAG	c1	CCGCTATAG	20	0
c1_265_CGACCGTAA	c1	CGACCGTAA	20	0
c1_266_CAGTTACCC	c1	CAGTTACCC	20	0
c1_267_CTGTTCGTG	c1	CTGTTCGTG	20	0
c1_270_TCGCGAATC	c1	TCGCGAATC	20	0
c1_272_CACGGCATT	c1	CACGGCATT	20	0
c1_276_TGGTGGTGT	c1	TGGTGGTGT	20	0
c1_286_CACTAGAGC	c1	CACTAGAGC	20	0
c1_292_CGCGTAAGA	c1	CGCGTAAGA	20	0
c1_294_TTGCTCACG	c1	TTGCTCACG	20	0
c1_295_CGCGTGTTA	c1	CGCGTGTTA	20	0
c1_099_ACCTTCGAG	c1	ACCTTCGAG	19	0
c1_162_ACCGCCTAA	c1	ACCGCCTAA	19	0
c1_231_ACCAACACC	c1	ACCAACACC	19	0
c1_284_ACATACGCG	c1	ACATACGCG	19	0
c1_298_ACCAACGTG	c1	ACCAACGTG	19	0
c1_001_AGACACCGA	c1	AGACACCGA	20	1
c1_004_CGGTTAAGC	c1	CGGTTAAGC	20	1
c1_006_GAACTGGGT	c1	GAACTGGGT	20	1
c1_010_CAGCCGTTT	c1	CAGCCGTTT	20	1
c1_014_CCAGAGATC	c1	CCAGAGATC	20	1
c1_015_TCGCACGTA	c1	TCGCACGTA	20	1
c1_016_GCCTGAGTT	c1	GCCTGAGTT	20	1
c1_021_GGCTTGATC	c1	GGCTTGATC	20	1
c1_035_TCGCCAACT	c1	TCGCCAACT	20	1
c1_040_GTTTTGCGG	c1	GTTTTGCGG	20	1
c1_042_TGCCTATGC	c1	TGCCTATGC	20	1
c1_052_TGGGTAGTG	c1	TGGGTAGTG	20	1
c1_058_CGTTTGGCT	c1	CGTTTGGCT	20	1
c1_060_GGTTCGAGT	c1	GGTTCGAGT	20	1
c1_061_CAGGGCTAA	c1	CAGGGCTAA	20	1
c1_068_GTTGCCTAG	c1	GTTGCCTAG	20	1
c1_070_TAACAGGGC	c1	TAACAGGGC	20	1
c1_075_CTTGCTGAG	c1	CTTGCTGAG	20	1
c1_079_GCCTCTTCA	c1	GCCTCTTCA	20	1
c1_086_AGGTTCACG	c1	AGGTTCACG	20	1
c1_087_TTGCCGAGT	c1	TTGCCGAGT	20	1
c1_089_CCCTAGTCT	c1	CCCTAGTCT	20	1
c1_090_CTACGCACA	c1	CTACGCACA	20	1
c1_094_AGCCTACTG	c1	AGCCTACTG	20	1
c1_095_GAAGTGGTG	c1	GAAGTGGTG	20	1
c1_100_TCTAAGGCC	c1	TCTAAGGCC	20	1
c1_101_GAGTTCGCA	c1	GAGTTCGCA	20	1
c1_104_CAACGGCTA	c1	CAACGGCTA	20	1
c1_106_TGTGCGTCA	c1	TGTGCGTCA	20	1
c1_115_GAACCGTAG	c1	GAACCGTAG	20	1
c1_149_GAGGTGTTC	c1	GAGGTGTTC	20	1
c1_155_CGCGTTGAA	c1	CGCGTTGAA	20	1
c1_157_GAGCTGATG	c1	GAGCTGATG	20	1
c1_158_CGCTTATGG	c1	CGCTTATGG	20	1
c1_166_TCTACCGAG	c1	TCTACCGAG	20	1
c1_171_CCGGCAATT	c1	CCGGCAATT	20	1
c1_173_TGCCTCAGA	c1	TGCCTCAGA	20	1
c1_175_CTCAGATCG	c1	CTCAGATCG	20	1
c1_176_GTTACAGGC	c1	GTTACAGGC	20	1
c1_177_TGTGTAGCC	c1	TGTGTAGCC	20	1
c1_181_GTGTGTGCT	c1	GTGTGTGCT	20	1
c1_182_GCTACAGTG	c1	GCTACAGTG	20	1
c1_193_TGTACCGGT	c1	TGTACCGGT	20	1
c1_198_AGAACCGAG	c1	AGAACCGAG	20	1
c1_204_TGTGTGGCA	c1	TGTGTGGCA	20	1
c1_206_GTGGCTCTT	c1	GTGGCTCTT	20	1
c1_209_GTAGTGGCT	c1	GTAGTGGCT	20	1
c1_213_CCATGATCG	c1	CCATGATCG	20	1
c1_215_GGCTTATGC	c1	GGCTTATGC	20	1
c1_220_GAGGTAGAC	c1	GAGGTAGAC	20	1
c1_222_TGTACGACG	c1	TGTACGACG	20	1
c1_223_CGTGTTCTC	c1	CGTGTTCTC	20	1
c1_224_GAGCCCAAT	c1	GAGCCCAAT	20	1
c1_226_CGGCTTTCT	c1	CGGCTTTCT	20	1
c1_228_CTCGCCATA	c1	CTCGCCATA	20	1
c1_240_AGAGCGAGT	c1	AGAGCGAGT	20	1
c1_241_GAATGAGCG	c1	GAATGAGCG	20	1
c1_245_GGGGTTTAG	c1	GGGGTTTAG	20	1
c1_252_GTTCTCGAG	c1	GTTCTCGAG	20	1
c1_253_GCATGCAAG	c1	GCATGCAAG	20	1
c1_273_GGTACTGCT	c1	GGTACTGCT	20	1
c1_277_CTGTGCAGT	c1	CTGTGCAGT	20	1
c1_278_CGCCTTTCT	c1	CGCCTTTCT	20	1
c1_280_TCGGCTAAC	c1	TCGGCTAAC	20	1
c1_282_TGCACTACC	c1	TGCACTACC	20	1
c1_283_TCAAGCCCA	c1	TCAAGCCCA	20	1
c1_293_GCGTTCTCT	c1	GCGTTCTCT	20	1
c1_296_GTTGTCACG	c1	GTTGTCACG	20	1
c1_002_AAGACGCAC	c1	AAGACGCAC	19	1
c1_013_AACGTCGCT	c1	AACGTCGCT	19	1
c1_017_AAGGTACGC	c1	AAGGTACGC	19	1
c1_067_ACAGCGAGT	c1	ACAGCGAGT	19	1
c1_103_AAGGCGCAA	c1	AAGGCGCAA	19	1
c1_107_AACGCGTAG	c1	AACGCGTAG	19	1
c1_262_ACCAAACCG	c1	ACCAAACCG	19	1
c1_269_ATGCCGTTC	c1	ATGCCGTTC	19	1
c1_291_ATCGCTACC	c1	ATCGCTACC	19	1
c1_007_GTAGCCAGT	c1	GTAGCCAGT	20	2
c1_012_GCCAAGCAT	c1	GCCAAGCAT	20	2
c1_026_GCAATTGGC	c1	GCAATTGGC	20	2
c1_029_CATCTCTGC	c1	CATCTCTGC	20	2
c1_033_TGCCAGGTT	c1	TGCCAGGTT	20	2
c1_038_GTTCGTACC	c1	GTTCGTACC	20	2
c1_041_CGAGTACGT	c1	CGAGTACGT	20	2
c1_049_GCTTCTGAG	c1	GCTTCTGAG	20	2
c1_050_TAGAGTGGC	c1	TAGAGTGGC	20	2
c1_059_TGGCTGAGT	c1	TGGCTGAGT	20	2
c1_064_AGAAGACCC	c1	AGAAGACCC	20	2
c1_074_AGGCAACGA	c1	AGGCAACGA	20	2
c1_077_GTCGTGCTA	c1	GTCGTGCTA	20	2
c1_080_GTGAGCACA	c1	GTGAGCACA	20	2
c1_081_CCACGAGTT	c1	CCACGAGTT	20	2
c1_097_GCCCCTTAT	c1	GCCCCTTAT	20	2
c1_105_CCATCGAGT	c1	CCATCGAGT	20	2
c1_121_GCGTAGACT	c1	GCGTAGACT	20	2
c1_134_GTCTCACTC	c1	GTCTCACTC	20	2
c1_136_CCCTCAGTT	c1	CCCTCAGTT	20	2
c1_142_GCCAAGTCT	c1	GCCAAGTCT	20	2
c1_145_GAGTCGTTC	c1	GAGTCGTTC	20	2
c1_147_TCGACGAAC	c1	TCGACGAAC	20	2
c1_148_TGTGGCCTA	c1	TGTGGCCTA	20	2
c1_153_CCCTCAAAG	c1	CCCTCAAAG	20	2
c1_161_GTGATAGGC	c1	GTGATAGGC	20	2
c1_168_CTAGGGTAC	c1	CTAGGGTAC	20	2
c1_170_GCAAGTGAG	c1	GCAAGTGAG	20	2
c1_178_GTCGTCGAA	c1	GTCGTCGAA	20	2
c1_179_AGGGCAGTA	c1	AGGGCAGTA	20	2
c1_180_CCCGAACAT	c1	CCCGAACAT	20	2
c1_185_CGAAGATGG	c1	CGAAGATGG	20	2
c1_191_GAGAACCTC	c1	GAGAACCTC	20	2
c1_192_CATCACGCT	c1	CATCACGCT	20	2
c1_196_TGCACGGTT	c1	TGCACGGTT	20	2
c1_208_GTACCCTCA	c1	GTACCCTCA	20	2
c1_225_CTGACTAGC	c1	CTGACTAGC	20	2
c1_233_TGCTGCATG	c1	TGCTGCATG	20	2
c1_235_GTGCGTTGA	c1	GTGCGTTGA	20	2
c1_236_CCTACCTCA	c1	CCTACCTCA	20	2
c1_237_GTCGAAGTG	c1	GTCGAAGTG	20	2
c1_238_CGACTTCGT	c1	CGACTTCGT	20	2
c1_242_CCACCACTT	c1	CCACCACTT	20	2
c1_247_AGGCCACAA	c1	AGGCCACAA	20	2
c1_259_GTTCACACG	c1	GTTCACACG	20	2
c1_263_GAGCATGCA	c1	GAGCATGCA	20	2
c1_268_GTTCGCTGA	c1	GTTCGCTGA	20	2
c1_281_TTCACCGAG	c1	TTCACCGAG	20	2
c1_285_AGTACACGC	c1	AGTACACGC	20	2
c1_290_TGTCACGGT	c1	TGTCACGGT	20	2
c1_023_AAGCCCAAC	c1	AAGCCCAAC	19	2
c1_092_ATCTGTGGG	c1	ATCTGTGGG	19	2
c1_109_ACGAACTGC	c1	ACGAACTGC	19	2
c1_114_AACTGGGTC	c1	AACTGGGTC	19	2
c1_118_ACACTGACG	c1	ACACTGACG	19	2
c1_119_ACTCTTGCC	c1	ACTCTTGCC	19	2
c1_141_AACGAGTGG	c1	AACGAGTGG	19	2
c1_217_AAGAGCTGC	c1	AAGAGCTGC	19	2
c1_264_ACTTAGCGC	c1	ACTTAGCGC	19	2
c1_297_ACCCATCTC	c1	ACCCATCTC	19	2
c1_005_GATGCTGTC	c1	GATGCTGTC	20	3
c1_022_GATCTGACG	c1	GATCTGACG	20	3
c1_048_TTTGTGCCG	c1	TTTGTGCCG	20	3
c1_065_AGCCCAGTT	c1	AGCCCAGTT	20	3
c1_066_GATTCTGCC	c1	GATTCTGCC	20	3
c1_076_CGCACTTTC	c1	CGCACTTTC	20	3
c1_088_GGCGATTGA	c1	GGCGATTGA	20	3
c1_093_TAGCCGTTC	c1	TAGCCGTTC	20	3
c1_108_CCAGCTAAG	c1	CCAGCTAAG	20	3
c1_110_GTCGAACAG	c1	GTCGAACAG	20	3
c1_111_GCCACAAAC	c1	GCCACAAAC	20	3
c1_116_GGCCATTGA	c1	GGCCATTGA	20	3
c1_124_GCGACTATC	c1	GCGACTATC	20	3
c1_128_AGCGCTTAC	c1	AGCGCTTAC	20	3
c1_139_GATGACACC	c1	GATGACACC	20	3
c1_184_TTTTGGGGG	c1	TTTTGGGGG	20	3
c1_197_GATGCACAG	c1	GATGCACAG	20	3
c1_200_TTCGCGCAT	c1	TTCGCGCAT	20	3
c1_216_GAACCTGTC	c1	GAACCTGTC	20	3
c1_218_GCCTTTGCT	c1	GCCTTTGCT	20	3
c1_230_GACAGCATC	c1	GACAGCATC	20	3
c1_261_GCGTTTGCT	c1	GCGTTTGCT	20	3
c1_098_ACACAGACC	c1	ACACAGACC	19	3
c1_165_AAGGTGGTC	c1	AAGGTGGTC	19	3
c1_167_ATCGCTCAC	c1	ATCGCTCAC	19	3
c1_255_ACACTGCAC	c1	ACACTGCAC	19	3
c1_032_CTTGCCTGT	c1	CTTGCCTGT	20	4
c1_036_CCACAATCG	c1	CCACAATCG	20	4
c1_046_GCTCAATGG	c1	GCTCAATGG	20	4
c1_051_GCCATCTGA	c1	GCCATCTGA	20	4
c1_082_CCTCAAGGT	c1	CCTCAAGGT	20	4
c1_091_GTCTGTCGA	c1	GTCTGTCGA	20	4
c1_126_CCACAAGAG	c1	CCACAAGAG	20	4
c1_137_CCGTTATGG	c1	CCGTTATGG	20	4
c1_144_TGCATCTGG	c1	TGCATCTGG	20	4
c1_154_GTCTTAGGG	c1	GTCTTAGGG	20	4
c1_156_GATGTGCAC	c1	GATGTGCAC	20	4
c1_183_GCCCTAAAG	c1	GCCCTAAAG	20	4
c1_187_CTCAGCTAC	c1	CTCAGCTAC	20	4
c1_199_GATCGATGC	c1	GATCGATGC	20	4
c1_271_AGAGGTGAG	c1	AGAGGTGAG	20	4
c1_189_AAGGCTCAC	c1	AAGGCTCAC	19	4
c1_194_AATGGCCTC	c1	AATGGCCTC	19	4
c1_279_ACTGGCTAC	c1	ACTGGCTAC	19	4
c1_288_ATCACGCCT	c1	ATCACGCCT	19	4
c1_003_TAGCCCAAG	c1	TAGCCCAAG	20	5
c1_031_TAGACCACC	c1	TAGACCACC	20	5
c1_072_TAGAGAGGG	c1	TAGAGAGGG	20	5
c1_202_GCTGTACAC	c1	GCTGTACAC	20	5
c1_205_GTCGACTCA	c1	GTCGACTCA	20	5
c1_211_CCTGTGTCA	c1	CCTGTGTCA	20	5
c1_260_TCTCGCTAC	c1	TCTCGCTAC	20	5
c1_274_GACGCTGTA	c1	GACGCTGTA	20	5
c1_275_TCAGCACAC	c1	TCAGCACAC	20	5
c1_083_ATGGCCTGT	c1	ATGGCCTGT	19	5
c1_186_AAAGGCGTG	c1	AAAGGCGTG	19	5
c1_062_TACCGTCGT	c1	TACCGTCGT	20	6
c1_138_AGCCGTGAA	c1	AGCCGTGAA	20	6
c1_188_GAACCTCAC	c1	GAACCTCAC	20	6
c1_232_GATCAGTGG	c1	GATCAGTGG	20	6
c1_249_GCGCGATAA	c1	GCGCGATAA	20	6
c1_289_TCAGCAGCA	c1	TCAGCAGCA	20	6
c1_190_ATCTGCCAG	c1	ATCTGCCAG	19	6
c1_102_GACCTTCGT	c1	GACCTTCGT	20	7
c1_113_CTCTGCTGA	c1	CTCTGCTGA	20	7
c1_120_CCTGGTCAT	c1	CCTGGTCAT	20	7
c1_203_TAGGTCACG	c1	TAGGTCACG	20	7
c1_207_CACCTGTGT	c1	CACCTGTGT	20	7
c1_221_CGCCATTGT	c1	CGCCATTGT	20	7
c1_047_CACCTGTGA	c1	CACCTGTGA	20	8
c1_234_GCTGACCTA	c1	GCTGACCTA	20	8
c1_256_CCTCATCAC	c1	CCTCATCAC	20	8
c1_174_ACTGGTCAC	c1	ACTGGTCAC	19	8
c1_254_AACCAGCTG	c1	AACCAGCTG	19	9
c1_122_GTGACGTGT	c1	GTGACGTGT	20	10
c1_299_TATGGGCGT	c1	TATGGGCGT	20	10
c1_214_ACGCCCAAA	c1	ACGCCCAAA	19	10
c1_244_ATGCCCTTG	c1	ATGCCCTTG	19	10
c1_039_CTTGCAGGT	c1	CTTGCAGGT	20	11
c1_084_AGCTGACAC	c1	AGCTGACAC	20	11
c1_287_AAGCAGGTG	c1	AAGCAGGTG	19	11
c1_073_CTAGCACCT	c1	CTAGCACCT	20	14
c1_030_ACACCTCGT	c1	ACACCTCGT	19	14
c1_028_ACGACAGGT	c1	ACGACAGGT	19	15
c1_150_ACGTGCAAG	c1	ACGTGCAAG	19	19
c2_004_CGGTTAAGC	c2	CGGTTAAGC	24	0
c2_005_GATGCTGTC	c2	GATGCTGTC	24	0
c2_019_AGACGAGTG	c2	AGACGAGTG	24	0
c2_021_GGCTTGATC	c2	GGCTTGATC	24	0
c2_022_GATCTGACG	c2	GATCTGACG	24	0
c2_025_TCGTATCGG	c2	TCGTATCGG	24	0
c2_038_GTTCGTACC	c2	GTTCGTACC	24	0
c2_040_GTTTTGCGG	c2	GTTTTGCGG	24	0
c2_066_GATTCTGCC	c2	GATTCTGCC	24	0
c2_075_CTTGCTGAG	c2	CTTGCTGAG	24	0
c2_110_GTCGAACAG	c2	GTCGAACAG	24	0
c2_116_GGCCATTGA	c2	GGCCATTGA	24	0
c2_135_GTGTAAGGC	c2	GTGTAAGGC	24	0
c2_139_GATGACACC	c2	GATGACACC	24	0
c2_141_AACGAGTGG	c2	AACGAGTGG	24	0
c2_145_GAGTCGTTC	c2	GAGTCGTTC	24	0
c2_152_TCTTAGGCC	c2	TCTTAGGCC	24	0
c2_156_GATGTGCAC	c2	GATGTGCAC	24	0
c2_157_GAGCTGATG	c2	GAGCTGATG	24	0
c2_161_GTGATAGGC	c2	GTGATAGGC	24	0
c2_176_GTTACAGGC	c2	GTTACAGGC	24	0
c2_185_CGAAGATGG	c2	CGAAGATGG	24	0
c2_187_CTCAGCTAC	c2	CTCAGCTAC	24	0
c2_195_CACATGCAC	c2	CACATGCAC	24	0
c2_201_CGACTAGTG	c2	CGACTAGTG	24	0
c2_211_CCTGTGTCA	c2	CCTGTGTCA	24	0
c2_212_AGACGGTTC	c2	AGACGGTTC	24	0
c2_222_TGTACGACG	c2	TGTACGACG	24	0
c2_227_CGAATTGCC	c2	CGAATTGCC	24	0
c2_232_GATCAGTGG	c2	GATCAGTGG	24	0
c2_235_GTGCGTTGA	c2	GTGCGTTGA	24	0
c2_246_CTTGTGAGG	c2	CTTGTGAGG	24	0
c2_252_GTTCTCGAG	c2	GTTCTCGAG	24	0
c2_267_CTGTTCGTG	c2	CTGTTCGTG	24	0
c2_268_GTTCGCTGA	c2	GTTCGCTGA	24	0
c2_277_CTGTGCAGT	c2	CTGTGCAGT	24	0
c2_295_CGCGTGTTA	c2	CGCGTGTTA	24	0
c2_088_GGCGATTGA	c2	GGCGATTGA	23	0
c2_182_GCTACAGTG	c2	GCTACAGTG	23	0
c2_204_TGTGTGGCA	c2	TGTGTGGCA	23	0
c2_118_ACACTGACG	c2	ACACTGACG	22	0
c2_009_AGTTTGCGC	c2	AGTTTGCGC	24	1
c2_027_CTGTAAGCG	c2	CTGTAAGCG	24	1
c2_034_CACAGCACT	c2	CACAGCACT	24	1
c2_037_CTTAACGCG	c2	CTTAACGCG	24	1
c2_042_TGCCTATGC	c2	TGCCTATGC	24	1
c2_043_CGTCGTTTG	c2	CGTCGTTTG	24	1
c2_048_TTTGTGCCG	c2	TTTGTGCCG	24	1
c2_057_GTATGCCAG	c2	GTATGCCAG	24	1
c2_058_CGTTTGGCT	c2	CGTTTGGCT	24	1
c2_064_AGAAGACCC	c2	AGAAGACCC	24	1
c2_072_TAGAGAGGG	c2	TAGAGAGGG	24	1
c2_078_CGGTATGAC	c2	CGGTATGAC	24	1
c2_080_GTGAGCACA	c2	GTGAGCACA	24	1
c2_091_GTCTGTCGA	c2	GTCTGTCGA	24	1
c2_115_GAACCGTAG	c2	GAACCGTAG	24	1
c2_117_CAGCTAAGC	c2	CAGCTAAGC	24	1
c2_125_CGCTAAGCA	c2	CGCTAAGCA	24	1
c2_130_GTAGACAGC	c2	GTAGACAGC	24	1
c2_133_TGTTGGGTC	c2	TGTTGGGTC	24	1
c2_140_CAAGCAGTG	c2	CAAGCAGTG	24	1
c2_149_GAGGTGTTC	c2	GAGGTGTTC	24	1
c2_154_GTCTTAGGG	c2	GTCTTAGGG	24	1
c2_158_CGCTTATGG	c2	CGCTTATGG	24	1
c2_160_TCACTGTCG	c2	TCACTGTCG	24	1
c2_164_AGCTTCGTC	c2	AGCTTCGTC	24	1
c2_167_ATCGCTCAC	c2	ATCGCTCAC	24	1
c2_175_CTCAGATCG	c2	CTCAGATCG	24	1
c2_178_GTCGTCGAA	c2	GTCGTCGAA	24	1
c2_193_TGTACCGGT	c2	TGTACCGGT	24	1
c2_199_GATCGATGC	c2	GATCGATGC	24	1
c2_205_GTCGACTCA	c2	GTCGACTCA	24	1
c2_215_GGCTTATGC	c2	GGCTTATGC	24	1
c2_217_AAGAGCTGC	c2	AAGAGCTGC	24	1
c2_225_CTGACTAGC	c2	CTGACTAGC	24	1
c2_237_GTCGAAGTG	c2	GTCGAAGTG	24	1
c2_241_GAATGAGCG	c2	GAATGAGCG	24	1
c2_248_TCGCAGCTA	c2	TCGCAGCTA	24	1
c2_250_AGTACGGTG	c2	AGTACGGTG	24	1
c2_265_CGACCGTAA	c2	CGACCGTAA	24	1
c2_266_CAGTTACCC	c2	CAGTTACCC	24	1
c2_274_GACGCTGTA	c2	GACGCTGTA	24	1
c2_280_TCGGCTAAC	c2	TCGGCTAAC	24	1
c2_286_CACTAGAGC	c2	CACTAGAGC	24	1
c2_291_ATCGCTACC	c2	ATCGCTACC	24	1
c2_026_GCAATTGGC	c2	GCAATTGGC	23	1
c2_046_GCTCAATGG	c2	GCTCAATGG	23	1
c2_049_GCTTCTGAG	c2	GCTTCTGAG	23	1
c2_106_TGTGCGTCA	c2	TGTGCGTCA	23	1
c2_128_AGCGCTTAC	c2	AGCGCTTAC	23	1
c2_170_GCAAGTGAG	c2	GCAAGTGAG	23	1
c2_177_TGTGTAGCC	c2	TGTGTAGCC	23	1
c2_243_CCTGCTTAG	c2	CCTGCTTAG	23	1
c2_249_GCGCGATAA	c2	GCGCGATAA	23	1
c2_119_ACTCTTGCC	c2	ACTCTTGCC	22	1
c2_253_GCATGCAAG	c2	GCATGCAAG	22	1
c2_255_ACACTGCAC	c2	ACACTGCAC	22	1
c2_099_ACCTTCGAG	c2	ACCTTCGAG	21	1
c2_001_AGACACCGA	c2	AGACACCGA	24	2
c2_010_CAGCCGTTT	c2	CAGCCGTTT	24	2
c2_024_GGTCGACTT	c2	GGTCGACTT	24	2
c2_029_CATCTCTGC	c2	CATCTCTGC	24	2
c2_032_CTTGCCTGT	c2	CTTGCCTGT	24	2
c2_045_AGACGAGCT	c2	AGACGAGCT	24	2
c2_053_TGAAGCCAG	c2	TGAAGCCAG	24	2
c2_054_CAACTGGCA	c2	CAACTGGCA	24	2
c2_060_GGTTCGAGT	c2	GGTTCGAGT	24	2
c2_085_TCGCAAAGG	c2	TCGCAAAGG	24	2
c2_087_TTGCCGAGT	c2	TTGCCGAGT	24	2
c2_095_GAAGTGGTG	c2	GAAGTGGTG	24	2
c2_096_CAAGTGAGG	c2	CAAGTGAGG	24	2
c2_100_TCTAAGGCC	c2	TCTAAGGCC	24	2
c2_107_AACGCGTAG	c2	AACGCGTAG	24	2
c2_112_AGATTCGCG	c2	AGATTCGCG	24	2
c2_114_AACTGGGTC	c2	AACTGGGTC	24	2
c2_127_AGATCGAGG	c2	AGATCGAGG	24	2
c2_129_GTGGGTATC	c2	GTGGGTATC	24	2
c2_138_AGCCGTGAA	c2	AGCCGTGAA	24	2
c2_143_CTCGTCAGA	c2	CTCGTCAGA	24	2
c2_147_TCGACGAAC	c2	TCGACGAAC	24	2
c2_181_GTGTGTGCT	c2	GTGTGTGCT	24	2
c2_196_TGCACGGTT	c2	TGCACGGTT	24	2
c2_219_TCAAGCCTC	c2	TCAAGCCTC	24	2
c2_239_TTAACCGCG	c2	TTAACCGCG	24	2
c2_240_AGAGCGAGT	c2	AGAGCGAGT	24	2
c2_258_CCGCTATAG	c2	CCGCTATAG	24	2
c2_259_GTTCACACG	c2	GTTCACACG	24	2
c2_260_TCTCGCTAC	c2	TCTCGCTAC	24	2
c2_263_GAGCATGCA	c2	GAGCATGCA	24	2
c2_270_TCGCGAATC	c2	TCGCGAATC	24	2
c2_281_TTCACCGAG	c2	TTCACCGAG	24	2
c2_282_TGCACTACC	c2	TGCACTACC	24	2
c2_285_AGTACACGC	c2	AGTACACGC	24	2
c2_289_TCAGCAGCA	c2	TCAGCAGCA	24	2
c2_292_CGCGTAAGA	c2	CGCGTAAGA	24	2
c2_223_CGTGTTCTC	c2	CGTGTTCTC	23	2
c2_256_CCTCATCAC	c2	CCTCATCAC	23	2
c2_261_GCGTTTGCT	c2	GCGTTTGCT	23	2
c2_202_GCTGTACAC	c2	GCTGTACAC	22	2
c2_284_ACATACGCG	c2	ACATACGCG	22	2
c2_279_ACTGGCTAC	c2	ACTGGCTAC	21	2
c2_162_ACCGCCTAA	c2	ACCGCCTAA	20	2
c2_000_CGCATCGTA	c2	CGCATCGTA	24	3
c2_002_AAGACGCAC	c2	AAGACGCAC	24	3
c2_007_GTAGCCAGT	c2	GTAGCCAGT	24	3
c2_017_AAGGTACGC	c2	AAGGTACGC	24	3
c2_018_AGCTAGGGT	c2	AGCTAGGGT	24	3
c2_056_CACGACGAT	c2	CACGACGAT	24	3
c2_077_GTCGTGCTA	c2	GTCGTGCTA	24	3
c2_094_AGCCTACTG	c2	AGCCTACTG	24	3
c2_101_GAGTTCGCA	c2	GAGTTCGCA	24	3
c2_108_CCAGCTAAG	c2	CCAGCTAAG	24	3
c2_132_CACAACGCA	c2	CACAACGCA	24	3
c2_134_GTCTCACTC	c2	GTCTCACTC	24	3
c2_144_TGCATCTGG	c2	TGCATCTGG	24	3
c2_146_CAAGCCATG	c2	CAAGCCATG	24	3
c2_155_CGCGTTGAA	c2	CGCGTTGAA	24	3
c2_163_CGATGCTCA	c2	CGATGCTCA	24	3
c2_166_TCTACCGAG	c2	TCTACCGAG	24	3
c2_226_CGGCTTTCT	c2	CGGCTTTCT	24	3
c2_228_CTCGCCATA	c2	CTCGCCATA	24	3
c2_229_CAACATGCG	c2	CAACATGCG	24	3
c2_230_GACAGCATC	c2	GACAGCATC	24	3
c2_251_CGACTCTCA	c2	CGACTCTCA	24	3
c2_275_TCAGCACAC	c2	TCAGCACAC	24	3
c2_283_TCAAGCCCA	c2	TCAAGCCCA	24	3
c2_089_CCCTAGTCT	c2	CCCTAGTCT	23	3
c2_124_GCGACTATC	c2	GCGACTATC	23	3
c2_197_GATGCACAG	c2	GATGCACAG	23	3
c2_016_GCCTGAGTT	c2	GCCTGAGTT	22	3
c2_264_ACTTAGCGC	c2	ACTTAGCGC	22	3
c2_298_ACCAACGTG	c2	ACCAACGTG	22	3
c2_003_TAGCCCAAG	c2	TAGCCCAAG	24	4
c2_006_GAACTGGGT	c2	GAACTGGGT	24	4
c2_014_CCAGAGATC	c2	CCAGAGATC	24	4
c2_015_TCGCACGTA	c2	TCGCACGTA	24	4
c2_033_TGCCAGGTT	c2	TGCCAGGTT	24	4
c2_041_CGAGTACGT	c2	CGAGTACGT	24	4
c2_050_TAGAGTGGC	c2	TAGAGTGGC	24	4
c2_052_TGGGTAGTG	c2	TGGGTAGTG	24	4
c2_055_CACGTTGGT	c2	CACGTTGGT	24	4
c2_070_TAACAGGGC	c2	TAACAGGGC	24	4
c2_084_AGCTGACAC	c2	AGCTGACAC	24	4
c2_090_CTACGCACA	c2	CTACGCACA	24	4
c2_093_TAGCCGTTC	c2	TAGCCGTTC	24	4
c2_123_CAGGTCTCA	c2	CAGGTCTCA	24	4
c2_173_TGCCTCAGA	c2	TGCCTCAGA	24	4
c2_191_GAGAACCTC	c2	GAGAACCTC	24	4
c2_192_CATCACGCT	c2	CATCACGCT	24	4
c2_198_AGAACCGAG	c2	AGAACCGAG	24	4
c2_208_GTACCCTCA	c2	GTACCCTCA	24	4
c2_209_GTAGTGGCT	c2	GTAGTGGCT	24	4
c2_210_CGCTGACTT	c2	CGCTGACTT	24	4
c2_213_CCATGATCG	c2	CCATGATCG	24	4
c2_216_GAACCTGTC	c2	GAACCTGTC	24	4
c2_220_GAGGTAGAC	c2	GAGGTAGAC	24	4
c2_233_TGCTGCATG	c2	TGCTGCATG	24	4
c2_269_ATGCCGTTC	c2	ATGCCGTTC	24	4
c2_294_TTGCTCACG	c2	TTGCTCACG	24	4
c2_148_TGTGGCCTA	c2	TGTGGCCTA	23	4
c2_271_AGAGGTGAG	c2	AGAGGTGAG	23	4
c2_293_GCGTTCTCT	c2	GCGTTCTCT	23	4
c2_098_ACACAGACC	c2	ACACAGACC	22	4
c2_109_ACGAACTGC	c2	ACGAACTGC	22	4
c2_218_GCCTTTGCT	c2	GCCTTTGCT	22	4
c2_262_ACCAAACCG	c2	ACCAAACCG	22	4
c2_008_CTGGTCATG	c2	CTGGTCATG	24	5
c2_011_CCTTCTAGG	c2	CCTTCTAGG	24	5
c2_059_TGGCTGAGT	c2	TGGCTGAGT	24	5
c2_062_TACCGTCGT	c2	TACCGTCGT	24	5
c2_103_AAGGCGCAA	c2	AAGGCGCAA	24	5
c2_137_CCGTTATGG	c2	CCGTTATGG	24	5
c2_151_TTACGGCAG	c2	TTACGGCAG	24	5
c2_159_GTGGTCGAT	c2	GTGGTCGAT	24	5
c2_169_GTGTCGTCT	c2	GTGTCGTCT	24	5
c2_172_CAAGCCTTC	c2	CAAGCCTTC	24	5
c2_188_GAACCTCAC	c2	GAACCTCAC	24	5
c2_200_TTCGCGCAT	c2	TTCGCGCAT	24	5
c2_288_ATCACGCCT	c2	ATCACGCCT	24	5
c2_121_GCGTAGACT	c2	GCGTAGACT	23	5
c2_180_CCCGAACAT	c2	CCCGAACAT	23	5
c2_067_ACAGCGAGT	c2	ACAGCGAGT	22	5
c2_013_AACGTCGCT	c2	AACGTCGCT	24	6
c2_035_TCGCCAACT	c2	TCGCCAACT	24	6
c2_065_AGCCCAGTT	c2	AGCCCAGTT	24	6
c2_074_AGGCAACGA	c2	AGGCAACGA	24	6
c2_092_ATCTGTGGG	c2	ATCTGTGGG	24	6
c2_113_CTCTGCTGA	c2	CTCTGCTGA	24	6
c2_126_CCACAAGAG	c2	CCACAAGAG	24	6
c2_168_CTAGGGTAC	c2	CTAGGGTAC	24	6
c2_184_TTTTGGGGG	c2	TTTTGGGGG	24	6
c2_236_CCTACCTCA	c2	CCTACCTCA	24	6
c2_238_CGACTTCGT	c2	CGACTTCGT	24	6
c2_273_GGTACTGCT	c2	GGTACTGCT	24	6
c2_051_GCCATCTGA	c2	GCCATCTGA	23	6
c2_081_CCACGAGTT	c2	CCACGAGTT	23	6
c2_111_GCCACAAAC	c2	GCCACAAAC	23	6
c2_142_GCCAAGTCT	c2	GCCAAGTCT	23	6
c2_186_AAAGGCGTG	c2	AAAGGCGTG	23	6
c2_296_GTTGTCACG	c2	GTTGTCACG	23	6
c2_174_ACTGGTCAC	c2	ACTGGTCAC	21	6
c2_020_TTGGCCAAG	c2	TTGGCCAAG	24	7
c2_023_AAGCCCAAC	c2	AAGCCCAAC	24	7
c2_036_CCACAATCG	c2	CCACAATCG	24	7
c2_039_CTTGCAGGT	c2	CTTGCAGGT	24	7
c2_073_CTAGCACCT	c2	CTAGCACCT	24	7
c2_076_CGCACTTTC	c2	CGCACTTTC	24	7
c2_153_CCCTCAAAG	c2	CCCTCAAAG	24	7
c2_190_ATCTGCCAG	c2	ATCTGCCAG	24	7
c2_221_CGCCATTGT	c2	CGCCATTGT	24	7
c2_257_AGGCGAAGA	c2	AGGCGAAGA	24	7
c2_278_CGCCTTTCT	c2	CGCCTTTCT	24	7
c2_290_TGTCACGGT	c2	TGTCACGGT	24	7
c2_068_GTTGCCTAG	c2	GTTGCCTAG	23	7
c2_136_CCCTCAGTT	c2	CCCTCAGTT	23	7
c2_245_GGGGTTTAG	c2	GGGGTTTAG	23	7
c2_120_CCTGGTCAT	c2	CCTGGTCAT	22	7
c2_231_ACCAACACC	c2	ACCAACACC	22	7
c2_102_GACCTTCGT	c2	GACCTTCGT	24	8
c2_104_CAACGGCTA	c2	CAACGGCTA	24	8
c2_105_CCATCGAGT	c2	CCATCGAGT	24	8
c2_165_AAGGTGGTC	c2	AAGGTGGTC	24	8
c2_254_AACCAGCTG	c2	AACCAGCTG	24	8
c2_171_CCGGCAATT	c2	CCGGCAATT	23	8
c2_194_AATGGCCTC	c2	AATGGCCTC	23	8
c2_150_ACGTGCAAG	c2	ACGTGCAAG	22	8
c2_031_TAGACCACC	c2	TAGACCACC	24	9
c2_044_TAACCCACG	c2	TAACCCACG	24	9
c2_189_AAGGCTCAC	c2	AAGGCTCAC	24	9
c2_224_GAGCCCAAT	c2	GAGCCCAAT	24	9
c2_272_CACGGCATT	c2	CACGGCATT	24	9
c2_276_TGGTGGTGT	c2	TGGTGGTGT	24	9
c2_047_CACCTGTGA	c2	CACCTGTGA	24	10
c2_086_AGGTTCACG	c2	AGGTTCACG	24	10
c2_206_GTGGCTCTT	c2	GTGGCTCTT	24	10
c2_082_CCTCAAGGT	c2	CCTCAAGGT	23	10
c2_030_ACACCTCGT	c2	ACACCTCGT	22	10
c2_079_GCCTCTTCA	c2	GCCTCTTCA	22	10
c2_234_GCTGACCTA	c2	GCTGACCTA	22	10
c2_207_CACCTGTGT	c2	CACCTGTGT	24	11
c2_247_AGGCCACAA	c2	AGGCCACAA	24	11
c2_287_AAGCAGGTG	c2	AAGCAGGTG	24	11
c2_012_GCCAAGCAT	c2	GCCAAGCAT	23	11
c2_028_ACGACAGGT	c2	ACGACAGGT	21	11
c2_063_AGGGCTTCA	c2	AGGGCTTCA	24	12
c2_083_ATGGCCTGT	c2	ATGGCCTGT	24	12
c2_203_TAGGTCACG	c2	TAGGTCACG	24	12
c2_122_GTGACGTGT	c2	GTGACGTGT	24	13
c2_179_AGGGCAGTA	c2	AGGGCAGTA	24	14
c2_071_CGAGGCAAA	c2	CGAGGCAAA	23	14
c2_297_ACCCATCTC	c2	ACCCATCTC	21	14
c2_183_GCCCTAAAG	c2	GCCCTAAAG	22	15
c2_061_CAGGGCTAA	c2	CAGGGCTAA	24	16
c2_242_CCACCACTT	c2	CCACCACTT	23	16
c2_244_ATGCCCTTG	c2	ATGCCCTTG	24	17
c2_131_TGAGGCAAC	c2	TGAGGCAAC	23	17
c2_069_CGACCCTTT	c2	CGACCCTTT	24	20
c2_299_TATGGGCGT	c2	TATGGGCGT	23	20
c2_214_ACGCCCAAA	c2	ACGCCCAAA	22	22
c2_097_GCCCCTTAT	c2	GCCCCTTAT	22	28
