motif_id	motif_alt_id	sequence_name	start	stop	strand	score	p-value	q-value	matched_sequence
MA1929.2	CTCF	KLC2_SPOAN_del_hg38_chr11_66256955_66257171_plus	81	111	+	11.7724	1.58e-05	0.00501	CTCCAAATACCTTAACTGACACAAGGGAGCA
MA1987.2	ZNF701	KLC2_SPOAN_del_hg38_chr11_66256955_66257171_plus	35	51	+	12.1927	1.63e-05	0.00562	GGGCAGCCCAGGGAAGA
MA1597.1	ZNF528	KLC2_SPOAN_del_hg38_chr11_66256955_66257171_plus	152	168	+	9.35714	1.8e-05	0.0062	CTGCAGGAAGGCACTTC
MA1728.2	ZNF549	KLC2_SPOAN_del_hg38_chr11_66256955_66257171_plus	35	42	-	12.7154	1.8e-05	0.00646	GGCTGCCC
MA1124.1	ZNF24	KLC2_SPOAN_del_hg38_chr11_66256955_66257171_plus	16	28	-	11.1727	2.92e-05	0.0118	CCTTCACTCAGTC
MA1976.2	ZNF320	KLC2_SPOAN_del_hg38_chr11_66256955_66257171_plus	24	43	+	9.88764	3.21e-05	0.0107	GAAGGGACCAGGGGCAGCCC
MA1629.2	Zic2	KLC2_SPOAN_del_hg38_chr11_66256955_66257171_plus	150	158	+	11.4553	3.92e-05	0.0144	CACTGCAGG
MA1973.2	ZKSCAN3	KLC2_SPOAN_del_hg38_chr11_66256955_66257171_plus	31	44	+	9.87143	4.36e-05	0.0153	CCAGGGGCAGCCCA
MA0139.2	CTCF	KLC2_SPOAN_del_hg38_chr11_66256955_66257171_plus	98	112	+	10	4.7e-05	0.0177	GACACAAGGGAGCAG
MA0761.3	ETV1	KLC2_SPOAN_del_hg38_chr11_66256955_66257171_plus	154	162	+	11.3496	5.19e-05	0.021	GCAGGAAGG
MA1992.2	Ikzf3	KLC2_SPOAN_del_hg38_chr11_66256955_66257171_plus	155	163	+	11.0826	5.23e-05	0.0201	CAGGAAGGC
MA1987.2	ZNF701	KLC2_SPOAN_del_hg38_chr11_66256955_66257171_plus	147	163	+	9.79817	5.27e-05	0.00911	GAGCACTGCAGGAAGGC
MA1604.2	Ebf2	KLC2_SPOAN_del_hg38_chr11_66256955_66257171_plus	100	108	+	10.9431	6.41e-05	0.0237	CACAAGGGA
MA1576.2	THRB	KLC2_SPOAN_del_hg38_chr11_66256955_66257171_plus	32	49	-	4.75714	6.67e-05	0.0236	TTCCCTGGGCTGCCCCTG
MA2332.1	ZNF175	KLC2_SPOAN_del_hg38_chr11_66256955_66257171_plus	154	162	+	10.7021	7.35e-05	0.0298	GCAGGAAGG
MA2329.1	ZBTB11	KLC2_SPOAN_del_hg38_chr11_66256955_66257171_plus	163	171	+	10.4037	7.69e-05	0.0269	CACTTCGGG
MA1651.2	ZFP42	KLC2_SPOAN_del_hg38_chr11_66256955_66257171_plus	108	120	-	9.67416	7.83e-05	0.0296	AAAGAAGGCTGCT
MA1637.2	EBF3	KLC2_SPOAN_del_hg38_chr11_66256955_66257171_plus	100	108	+	10.5528	8.21e-05	0.0294	CACAAGGGA
MA0138.3	REST	KLC2_SPOAN_del_hg38_chr11_66256955_66257171_plus	25	44	+	4.65306	8.41e-05	0.0289	AAGGGACCAGGGGCAGCCCA
MA0474.4	Erg	KLC2_SPOAN_del_hg38_chr11_66256955_66257171_plus	154	163	+	10.7073	8.47e-05	0.0329	GCAGGAAGGC
MA0528.3	ZNF263	KLC2_SPOAN_del_hg38_chr11_66256955_66257171_plus	105	111	+	9.23636	8.78e-05	0.0335	GGGAGCA
MA2330.1	ZBTB24	KLC2_SPOAN_del_hg38_chr11_66256955_66257171_plus	27	36	-	10.5	9.03e-05	0.0313	CCCTGGTCCC
MA1654.2	ZNF16	KLC2_SPOAN_del_hg38_chr11_66256955_66257171_plus	32	52	+	2.72581	9.27e-05	0.0341	CAGGGGCAGCCCAGGGAAGAG
MA0104.5	MYCN	KLC2_SPOAN_del_hg38_chr11_66256955_66257171_plus	59	66	+	11.1573	9.42e-05	0.016	CCACGCGG
MA0104.5	MYCN	KLC2_SPOAN_del_hg38_chr11_66256955_66257171_plus	59	66	-	11.1573	9.42e-05	0.016	CCGCGTGG
MA0492.2	JUND	KLC2_SPOAN_del_hg38_chr11_66256955_66257171_plus	52	62	+	9.85106	9.46e-05	0.0378	GATGAGACCAC
MA1114.2	PBX3	KLC2_SPOAN_del_hg38_chr11_66256955_66257171_plus	19	29	+	10.0142	9.47e-05	0.0367	TGAGTGAAGGG
MA0597.3	THAP1	KLC2_SPOAN_del_hg38_chr11_66256955_66257171_plus	63	70	+	10.6566	9.59e-05	0.0337	GCGGGGCA
MA1973.2	ZKSCAN3	KLC2_SPOAN_del_hg38_chr11_66256955_66257171_plus	33	46	-	8.1	9.62e-05	0.0169	CCTGGGCTGCCCCT
MA2122.1	Ebf4	KLC2_SPOAN_del_hg38_chr11_66256955_66257171_plus	39	49	+	9.86525	9.8e-05	0.0345	AGCCCAGGGAA

# FIMO (Find Individual Motif Occurrences): Version 5.3.0 compiled on Apr 12 2021 at 08:27:53
# The format of this file is described at http://meme-suite.org/doc/fimo-output-format.html.
# fimo --oc processed/fimo raw/JASPAR2024_CORE_vertebrates_non-redundant_pfms_meme.txt raw/klc2_del_217bp_hg38.fa
